,Training MSE,Test MSE
true,0.9746171995732281,0.9857577833521153
intercept,1.7833882156885037,1.8178621679697236
glm,1.864703545483299,1.902186431439412
local_glm_boost,1.0260059767627296,1.0622161430032975
