,Training MSE,Test MSE
true,0.9746171995732281,0.9857577833521152
intercept,1.7833882156885037,1.8178621679697236
glm,1.8487168937926506,1.885887820341482
local_glm_boost,1.2106768872137632,1.2415148556417321
