,Training MSE,Test MSE
true,1.021072879298266,1.0300714600456597
intercept,1.4800902535587421,1.4887552849712167
glm,1.2705832522845704,1.2391340275980323
local_glm_boost,1.0329613132837623,1.082103719493435
