,Training MSE,Test MSE
true,1.0021670483250045,1.0077050696751744
intercept,1.4677324975204071,1.498161994444429
glm,1.2492333344242479,1.2410883539123752
local_glm_boost,1.0165278248241514,1.0390670872112036
