,train,test
intercept,0.2505829411239918,0.25298000435221357
glm,0.24023480476694445,0.2406975144717198
local-glm-boost,0.23536874409118302,0.23615757255875627
