,train,test
intercept,0.14038394364700085,0.14082739525244575
glm,0.13520987546847713,0.13468615031219888
local-glm-boost,0.13277684513059637,0.13241617935571715
