,Training MSE,Test MSE
true,1.001119895313825,1.0040804367620648
intercept,1.8053188085693308,1.8019920499361246
glm,1.5410418187526829,1.5385494648857947
local_glm_boost,1.0029621006404017,1.0177275860766917
