,Training MSE,Test MSE
true,1.0242290149283326,0.9746278755958129
intercept,1.7873625347156203,1.7128133766558882
glm,1.5801723225547375,1.4991755562371736
local_glm_boost,0.9995336301747174,1.1690074050799624
