,Training MSE,Test MSE
true,1.0242290149283326,0.9746278755958128
intercept,1.8344022684762835,1.6940884996926928
glm,1.8344022727098745,1.6940885081060706
local_glm_boost,1.0260556773399223,1.1390202227994415
