,Training MSE,Test MSE
true,1.021072879298266,1.0300714600456597
intercept,5.082110344844269,4.964221066379323
glm,1.0181423702791188,1.029696722408279
local_glm_boost,1.0173319343345104,1.0296804429948379
