,Training MSE,Test MSE
true,1.0242290149283326,0.9746278755958128
intercept,1.8344022684762835,1.6940884996926928
glm,1.586025592994397,1.4840768160963544
local_glm_boost,1.0483412355963588,1.0849611673669042
