,Training MSE,Test MSE
true,0.9954563436407406,0.999019087229731
intercept,1.8084112246898425,1.7473994282961656
glm,1.8084114991903848,1.7473997023221046
local_glm_boost,1.003075699311734,1.048501880077809
