,Training MSE,Test MSE
true,1.005162486284839,1.0056494045969278
intercept,1.8005967972788461,1.7995919669204874
glm,1.5506783624878004,1.5370493724499823
local_glm_boost,1.0122772121366517,1.0247682599189734
