,train,test
intercept,0.14037782740199217,0.14092104692059543
glm,0.1351250201246798,0.13549628064110503
local-glm-boost,0.13287628462950712,0.1334276160515392
