,train,test
intercept,0.25207422093217896,0.25506789515340145
glm,0.24156860637755406,0.24421836259442067
local-glm-boost,0.2370711353872087,0.24008103341528894
