,Training MSE,Test MSE
true,0.9954563436407406,0.999019087229731
intercept,1.7523454644737495,1.770412244149333
glm,1.488647935719957,1.501296042448024
local_glm_boost,0.9794597972848859,1.0341020382204775
local_glm_boost_light,1.5904739493470168,1.6186906002041066
